{"cameraMode":{"drawMode":0,"name":"Shaded","section":"Shading Mode"},"sceneLighting":true,"audioPlay":false,"sceneViewState":{"showFog":true,"showMaterialUpdate":false,"showSkybox":true,"showFlares":true,"showImageEffects":true,"showParticleSystems":true},"in2DMode":false,"pivot":{"x":13.742366790771485,"y":5.65704870223999,"z":4.029209613800049},"rotation":{"x":0.13970690965652467,"y":-0.8427683711051941,"z":0.2623702883720398,"w":0.4487549662590027},"size":1.1436470746994019,"orthographic":false}