{"cameraMode":{"drawMode":0,"name":"Shaded","section":"Shading Mode"},"sceneLighting":false,"audioPlay":false,"sceneViewState":{"showFog":true,"showMaterialUpdate":false,"showSkybox":false,"showFlares":true,"showImageEffects":true,"showParticleSystems":true},"in2DMode":false,"pivot":{"x":-2.500000476837158,"y":-0.22286510467529298,"z":2.5},"rotation":{"x":0.006335138808935881,"y":-0.9909621477127075,"z":0.04938793554902077,"w":0.12518668174743653},"size":3.5425515174865724,"orthographic":false}