{"cameraMode":{"drawMode":0,"name":"Shaded","section":"Shading Mode"},"sceneLighting":false,"audioPlay":false,"sceneViewState":{"showFog":true,"showMaterialUpdate":false,"showSkybox":false,"showFlares":true,"showImageEffects":true,"showParticleSystems":true},"in2DMode":false,"pivot":{"x":0.0,"y":0.8674712181091309,"z":0.0005769431591033936},"rotation":{"x":0.006335138808935881,"y":-0.9909621477127075,"z":0.04938793554902077,"w":0.12518668174743653},"size":1.4505119323730469,"orthographic":false}