{"cameraMode":{"drawMode":0,"name":"Shaded","section":"Shading Mode"},"sceneLighting":false,"audioPlay":false,"sceneViewState":{"showFog":true,"showMaterialUpdate":false,"showSkybox":false,"showFlares":true,"showImageEffects":true,"showParticleSystems":true},"in2DMode":false,"pivot":{"x":2.4845950603485109,"y":0.2893388569355011,"z":-2.700650215148926},"rotation":{"x":0.015834331512451173,"y":-0.8870859146118164,"z":-0.030298903584480287,"w":-0.4605075418949127},"size":3.6000170707702638,"orthographic":false}