{"cameraMode":{"drawMode":0,"name":"Shaded","section":"Shading Mode"},"sceneLighting":false,"audioPlay":false,"sceneViewState":{"showFog":true,"showMaterialUpdate":false,"showSkybox":false,"showFlares":true,"showImageEffects":true,"showParticleSystems":true},"in2DMode":false,"pivot":{"x":2.384185791015625e-7,"y":0.8315985202789307,"z":0.005701243877410889},"rotation":{"x":0.006335138808935881,"y":-0.9909621477127075,"z":0.04938793554902077,"w":0.12518668174743653},"size":1.4261943101882935,"orthographic":false}