{"cameraMode":{"drawMode":0,"name":"Shaded","section":"Shading Mode"},"sceneLighting":false,"audioPlay":false,"sceneViewState":{"showFog":true,"showMaterialUpdate":false,"showSkybox":false,"showFlares":true,"showImageEffects":true,"showParticleSystems":true},"in2DMode":false,"pivot":{"x":-0.007221400737762451,"y":1.564051866531372,"z":0.8222029209136963},"rotation":{"x":0.006335138808935881,"y":-0.9909621477127075,"z":0.04938793554902077,"w":0.12518668174743653},"size":1.1426396369934083,"orthographic":false}