{"cameraMode":{"drawMode":0,"name":"Shaded","section":"Shading Mode"},"sceneLighting":false,"audioPlay":false,"sceneViewState":{"showFog":true,"showMaterialUpdate":false,"showSkybox":false,"showFlares":true,"showImageEffects":true,"showParticleSystems":true},"in2DMode":false,"pivot":{"x":4.810324192047119,"y":1.554587960243225,"z":11.684210777282715},"rotation":{"x":0.008924517780542374,"y":0.9838603138923645,"z":-0.17173369228839875,"w":0.05113094672560692},"size":1.0920133590698243,"orthographic":false}