{"cameraMode":{"drawMode":0,"name":"Shaded","section":"Shading Mode"},"sceneLighting":false,"audioPlay":false,"sceneViewState":{"showFog":true,"showMaterialUpdate":false,"showSkybox":false,"showFlares":true,"showImageEffects":true,"showParticleSystems":true},"in2DMode":false,"pivot":{"x":4.76837158203125e-7,"y":0.6145879626274109,"z":-0.04170787334442139},"rotation":{"x":0.40102845430374148,"y":-0.151971697807312,"z":0.06768793612718582,"w":0.9009072184562683},"size":1.0920133590698243,"orthographic":false}