{"cameraMode":{"drawMode":0,"name":"Shaded","section":"Shading Mode"},"sceneLighting":false,"audioPlay":false,"sceneViewState":{"showFog":true,"showMaterialUpdate":false,"showSkybox":false,"showFlares":true,"showImageEffects":true,"showParticleSystems":true},"in2DMode":false,"pivot":{"x":0.051160573959350589,"y":3.504843235015869,"z":4.487514972686768},"rotation":{"x":0.0023119060788303615,"y":-0.9884667992591858,"z":0.15122105181217194,"w":0.014483057893812657},"size":8.194677352905274,"orthographic":false}