{"cameraMode":{"drawMode":0,"name":"Shaded","section":"Shading Mode"},"sceneLighting":true,"audioPlay":false,"sceneViewState":{"showFog":true,"showMaterialUpdate":false,"showSkybox":true,"showFlares":true,"showImageEffects":true,"showParticleSystems":true},"in2DMode":false,"pivot":{"x":-15.82373046875,"y":-25.56761360168457,"z":-165.9129180908203},"rotation":{"x":-0.0037298747338354589,"y":0.9961435198783875,"z":-0.07215676456689835,"w":-0.051423560827970508},"size":94.57820892333985,"orthographic":false}