{"cameraMode":{"drawMode":0,"name":"Shaded","section":"Shading Mode"},"sceneLighting":false,"audioPlay":false,"sceneViewState":{"showFog":true,"showMaterialUpdate":false,"showSkybox":false,"showFlares":true,"showImageEffects":true,"showParticleSystems":true},"in2DMode":false,"pivot":{"x":-3.5762786865234377e-7,"y":0.8638005256652832,"z":0.0019364655017852784},"rotation":{"x":0.006335138808935881,"y":-0.9909621477127075,"z":0.04938793554902077,"w":0.12518668174743653},"size":1.4477437734603882,"orthographic":false}