{"cameraMode":{"drawMode":0,"name":"Shaded","section":"Shading Mode"},"sceneLighting":false,"audioPlay":false,"sceneViewState":{"showFog":true,"showMaterialUpdate":false,"showSkybox":false,"showFlares":true,"showImageEffects":true,"showParticleSystems":true},"in2DMode":false,"pivot":{"x":-5.075715065002441,"y":1.1840416193008423,"z":0.6723520755767822},"rotation":{"x":0.020418908447027208,"y":-0.9094604253768921,"z":-0.04473526403307915,"w":-0.41306272149086},"size":3.0000171661376955,"orthographic":false}