{"cameraMode":{"drawMode":0,"name":"Shaded","section":"Shading Mode"},"sceneLighting":false,"audioPlay":false,"sceneViewState":{"showFog":true,"showMaterialUpdate":false,"showSkybox":false,"showFlares":true,"showImageEffects":true,"showParticleSystems":true},"in2DMode":false,"pivot":{"x":7.32157039642334,"y":-0.17649096250534059,"z":-2.4371182918548586},"rotation":{"x":-0.00039052043575793505,"y":-0.9898964762687683,"z":0.1423351764678955,"w":-0.0033100859727710487},"size":1.557361125946045,"orthographic":false}