{"cameraMode":{"drawMode":0,"name":"Shaded","section":"Shading Mode"},"sceneLighting":false,"audioPlay":false,"sceneViewState":{"showFog":true,"showMaterialUpdate":false,"showSkybox":false,"showFlares":true,"showImageEffects":true,"showParticleSystems":true},"in2DMode":false,"pivot":{"x":-95.30388641357422,"y":-0.573583722114563,"z":-92.82887268066406},"rotation":{"x":0.2460477501153946,"y":-0.7465112805366516,"z":0.3720041811466217,"w":0.49373748898506167},"size":5.047595977783203,"orthographic":false}