{"cameraMode":{"drawMode":0,"name":"Shaded","section":"Shading Mode"},"sceneLighting":false,"audioPlay":false,"sceneViewState":{"showFog":true,"showMaterialUpdate":false,"showSkybox":false,"showFlares":true,"showImageEffects":true,"showParticleSystems":true},"in2DMode":false,"pivot":{"x":6.9935431480407719,"y":2.3641514778137209,"z":24.54866600036621},"rotation":{"x":0.2487196922302246,"y":0.717833936214447,"z":-0.5697824954986572,"w":0.313798725605011},"size":0.763060986995697,"orthographic":false}