{"cameraMode":{"drawMode":0,"name":"Shaded","section":"Shading Mode"},"sceneLighting":false,"audioPlay":false,"sceneViewState":{"showFog":true,"showMaterialUpdate":false,"showSkybox":false,"showFlares":true,"showImageEffects":true,"showParticleSystems":true},"in2DMode":false,"pivot":{"x":-15.829999923706055,"y":0.375,"z":-14.729999542236329},"rotation":{"x":0.19773386418819428,"y":-0.787666916847229,"z":0.31857696175575259,"w":0.48904842138290408},"size":2.8966574668884279,"orthographic":false}