{"cameraMode":{"drawMode":0,"name":"Shaded","section":"Shading Mode"},"sceneLighting":false,"audioPlay":false,"sceneViewState":{"showFog":true,"showMaterialUpdate":false,"showSkybox":false,"showFlares":true,"showImageEffects":true,"showParticleSystems":true},"in2DMode":false,"pivot":{"x":0.18000000715255738,"y":6.980288505554199,"z":27.690000534057618},"rotation":{"x":0.2125452607870102,"y":-0.2589610815048218,"z":0.05869797617197037,"w":0.9404627680778503},"size":3.5533411502838136,"orthographic":false}