{"cameraMode":{"drawMode":0,"name":"Shaded","section":"Shading Mode"},"sceneLighting":false,"audioPlay":false,"sceneViewState":{"showFog":true,"showMaterialUpdate":false,"showSkybox":false,"showFlares":true,"showImageEffects":true,"showParticleSystems":true},"in2DMode":false,"pivot":{"x":7.539999961853027,"y":2.559999942779541,"z":-40.90999984741211},"rotation":{"x":0.013871639966964722,"y":-0.6529571413993836,"z":0.011948040686547757,"w":0.7571612000465393},"size":10.0,"orthographic":false}