{"cameraMode":{"drawMode":0,"name":"Shaded","section":"Shading Mode"},"sceneLighting":false,"audioPlay":false,"sceneViewState":{"showFog":true,"showMaterialUpdate":false,"showSkybox":false,"showFlares":true,"showImageEffects":true,"showParticleSystems":true},"in2DMode":false,"pivot":{"x":-4.050000190734863,"y":9.020000457763672,"z":-19.049999237060548},"rotation":{"x":-0.03722340986132622,"y":-0.5705689787864685,"z":0.025813082233071328,"w":-0.8200836777687073},"size":5.90931510925293,"orthographic":false}