{"cameraMode":{"drawMode":0,"name":"Shaded","section":"Shading Mode"},"sceneLighting":false,"audioPlay":false,"sceneViewState":{"showFog":true,"showMaterialUpdate":false,"showSkybox":false,"showFlares":true,"showImageEffects":true,"showParticleSystems":true},"in2DMode":false,"pivot":{"x":434.6781921386719,"y":276.65924072265627,"z":0.64162677526474},"rotation":{"x":-0.042147427797317508,"y":0.8183392286300659,"z":-0.060511380434036258,"w":-0.5699877142906189},"size":2.3445472717285158,"orthographic":false}