{"cameraMode":{"drawMode":0,"name":"Shaded","section":"Shading Mode"},"sceneLighting":false,"audioPlay":false,"sceneViewState":{"showFog":true,"showMaterialUpdate":false,"showSkybox":false,"showFlares":true,"showImageEffects":true,"showParticleSystems":true},"in2DMode":false,"pivot":{"x":2.154878616333008,"y":-0.2396794706583023,"z":0.9298800826072693},"rotation":{"x":0.01769636571407318,"y":0.25563353300094607,"z":-0.0046921903267502789,"w":0.9665917754173279},"size":4.156922340393066,"orthographic":false}