{"cameraMode":{"drawMode":0,"name":"Shaded","section":"Shading Mode"},"sceneLighting":false,"audioPlay":false,"sceneViewState":{"showFog":true,"showMaterialUpdate":false,"showSkybox":false,"showFlares":true,"showImageEffects":true,"showParticleSystems":true},"in2DMode":false,"pivot":{"x":-0.1597057282924652,"y":-0.07617072761058808,"z":-0.000003129243850708008},"rotation":{"x":-0.07429429888725281,"y":0.9249796271324158,"z":-0.2818883955478668,"w":-0.24378696084022523},"size":0.34929153323173525,"orthographic":false}